date,new_cases,total_cases,new_deaths,total_deaths,new cases (7 day average),new cases (14 day average),cumulative cases (14 day average),S,C,LCG
2020-03-01,0.0,0.0,0.0,0.0,0.25,0.14285714285714285,0.7142857142857143,,,
2020-03-02,0.0,0.0,0.0,0.0,0.2,0.125,0.75,0.99991926803014,1.375111015421051,
2020-03-03,1.0,1.0,0.0,0.0,0.16666666666666666,0.1111111111111111,0.7777777777777778,0.9999133465451717,1.2223281411785891,
2020-03-04,0.0,1.0,0.0,0.0,0.14285714285714285,0.1,0.8,0.9999107794630545,1.1000981513477561,
2020-03-05,0.0,1.0,0.0,0.0,0.14285714285714285,0.09090909090909091,0.8181818181818182,0.9999097210380075,1.0000902871130193,
2020-03-06,0.0,1.0,0.0,0.0,0.14285714285714285,0.08333333333333333,0.8333333333333334,0.9999120137962367,0.9167473277838485,
2020-03-07,0.0,1.0,0.0,0.0,0.0,0.07692307692307693,0.8461538461538461,0.9999158314737422,0.8462250716710112,
2020-03-08,0.0,1.0,0.0,0.0,0.0,0.14285714285714285,0.9285714285714286,0.9999057696641578,1.571576661625198,
2020-03-09,0.0,1.0,0.0,0.0,0.0,0.14285714285714285,1.0714285714285714,0.9998731818894515,1.5716278823070908,
2020-03-10,0.0,1.0,0.0,0.0,0.0,0.35714285714285715,1.4285714285714286,0.9998285327705051,3.9292451653539384,
2020-03-11,0.0,1.0,0.0,0.0,0.14285714285714285,0.9285714285714286,2.357142857142857,0.9997197214200783,10.217149362399857,
2020-03-12,0.0,1.0,0.0,0.0,0.14285714285714285,0.9285714285714286,3.2857142857142856,0.9996036837051344,10.218335407113956,
2020-03-13,0.0,1.0,0.0,0.0,0.5714285714285714,3.7142857142857144,7.0,0.9991379310344828,40.892394921730556,
2020-03-14,1.0,2.0,0.0,0.0,1.8571428571428572,5.285714285714286,12.285714285714286,0.998304674689295,58.2415955940035,
2020-03-15,0.0,2.0,0.0,0.0,1.8571428571428572,5.285714285714286,17.571428571428573,0.9972845502348172,58.301171044078664,
2020-03-16,3.0,5.0,0.0,0.0,7.428571428571429,6.214285714285714,23.785714285714285,0.9961161569144706,68.6236664094308,3.9101030002797166
2020-03-17,9.0,14.0,0.0,0.0,10.571428571428571,8.0,31.785714285714285,0.9946865210227064,88.47008393108723,4.2819071075186965
2020-03-18,0.0,14.0,0.0,0.0,10.428571428571429,9.428571428571429,41.214285714285715,0.9929602928127772,104.44958017454286,4.5533050642811945
2020-03-19,39.0,53.0,0.0,0.0,12.285714285714286,11.642857142857142,52.857142857142854,0.9908716764042927,129.25127604431918,4.861668102985742
2020-03-20,22.0,75.0,0.0,0.0,15.428571428571429,13.357142857142858,66.21428571428571,0.9884647755399394,148.6432041529382,5.088472218212914
2020-03-21,0.0,75.0,0.0,0.0,17.0,15.928571428571429,82.14285714285714,0.9855590310281057,177.78162463947737,5.347525881849141
2020-03-22,13.0,88.0,0.0,0.0,21.428571428571427,18.928571428571427,101.07142857142857,0.9821497380661852,211.99851473182852,4.904499910146673
2020-03-23,25.0,113.0,0.0,0.0,19.285714285714285,21.857142857142858,122.92857142857143,0.9782301206537289,245.77915395602264,5.0523214346732015
2020-03-24,20.0,133.0,0.0,0.0,21.285714285714285,23.5,146.42857142857142,0.9739151356991322,265.42353694342563,4.212879465207552
2020-03-25,31.0,164.0,0.0,0.0,27.428571428571427,25.428571428571427,171.85714285714286,0.9692187808934531,288.5976739497735,3.3409659680252433
2020-03-26,24.0,188.0,0.0,0.0,31.428571428571427,25.857142857142858,197.71428571428572,0.9644480147962019,294.91332561732133,3.362497806208495
2020-03-27,36.0,224.0,3.0,3.0,31.571428571428573,24.071428571428573,221.78571428571428,0.9600431914908552,275.80604355365244,1.9087537754062942
2020-03-28,43.0,267.0,0.0,3.0,33.857142857142854,25.214285714285715,247.0,0.9552882320996594,290.33869939707154,1.6064483700492893
2020-03-29,41.0,308.0,1.0,4.0,30.285714285714285,26.0,273.0,0.9504667964239765,300.9047776061642,1.6411716815565933
2020-03-30,26.0,334.0,2.0,6.0,28.857142857142858,27.0,300.0,0.9456163480553724,314.08086441268733,1.5210130161027005
2020-03-31,36.0,370.0,2.0,8.0,29.142857142857142,27.714285714285715,327.7142857142857,0.9405443231538793,324.1284172923196,1.2984753267438984
2020-04-01,6.0,376.0,4.0,12.0,24.571428571428573,28.071428571428573,355.7857142857143,0.9354471958509764,330.09422194569936,1.150673666151869
2020-04-02,14.0,390.0,2.0,14.0,22.571428571428573,27.214285714285715,383.0,0.9304900181488204,321.71988631614147,0.9119228626499476
2020-04-03,38.0,428.0,1.0,15.0,23.857142857142858,26.857142857142858,409.85714285714283,0.9256684983194802,319.1515882466693,0.7641173568812656
2020-04-04,11.0,439.0,1.0,16.0,22.285714285714285,25.642857142857142,435.5,0.9206949640764163,306.36794983926626,0.5442308607883621
2020-04-05,27.0,466.0,1.0,17.0,24.142857142857142,23.857142857142858,459.35714285714283,0.9162299014998827,286.4221861772594,0.30088762912336975
2020-04-06,35.0,501.0,1.0,18.0,24.857142857142858,22.428571428571427,481.7857142857143,0.9126206846194975,270.33606609206896,0.09523248967589648
2020-04-07,25.0,526.0,3.0,21.0,22.142857142857142,21.714285714285715,503.5,0.9084303286819655,262.93391503528824,-0.009424075783271313
2020-04-08,19.0,545.0,1.0,22.0,23.142857142857142,19.714285714285715,523.2142857142857,0.904909423496784,239.6451371001924,-0.1858743528099911
2020-04-09,19.0,564.0,1.0,23.0,22.285714285714285,20.214285714285715,543.4285714285714,0.9013464544466475,246.6944222836621,-0.1785310877305708
2020-04-10,19.0,583.0,2.0,25.0,19.571428571428573,20.214285714285715,563.6428571428571,0.8974126540269797,247.77580509852933,-0.10717355233099646
2020-04-11,18.0,601.0,1.0,26.0,17.142857142857142,18.142857142857142,581.7857142857143,0.8941122661712357,223.2062304950055,-0.2629520259157898
2020-04-12,21.0,622.0,2.0,28.0,16.285714285714285,18.357142857142858,600.1428571428571,0.8907675652165692,226.69052995825825,-0.2832080780424846
2020-04-13,16.0,638.0,1.0,29.0,15.571428571428571,17.0,617.1428571428571,0.8878218747344268,210.62783574231838,-0.39955771824880504
2020-04-14,8.0,646.0,0.0,29.0,14.142857142857142,15.142857142857142,632.2857142857143,0.885634418200397,188.08147599988328,-0.5442645350094288
2020-04-15,13.0,659.0,2.0,31.0,13.571428571428571,13.642857142857142,645.9285714285714,0.8835668870327364,169.8472755983536,-0.6644784803217911
2020-04-16,14.0,673.0,2.0,33.0,11.714285714285714,12.285714285714286,658.2142857142857,0.8817244324546337,153.27108126813815,-0.7414731220245301
2020-04-17,9.0,682.0,0.0,33.0,10.714285714285714,11.357142857142858,669.5714285714286,0.8803384881758913,141.9097007645663,-0.810475242963344
2020-04-18,14.0,696.0,2.0,35.0,10.142857142857142,10.071428571428571,679.6428571428571,0.8786568724972582,126.08529877066428,-0.8878281777649182
2020-04-19,8.0,704.0,0.0,35.0,8.285714285714286,9.285714285714286,688.9285714285714,0.8772301539729083,116.4379230242599,-0.9001086163750989
2020-04-20,9.0,713.0,1.0,36.0,7.142857142857143,7.928571428571429,696.8571428571429,0.8766822945394374,99.48220268336034,-0.9996871135828691
2020-04-21,4.0,717.0,0.0,36.0,6.0,7.285714285714286,704.1428571428571,0.8759438236182422,91.49314714248771,-1.0556386521140606
2020-04-22,0.0,717.0,1.0,37.0,5.0,6.928571428571429,711.0714285714286,0.8753003473210728,87.07215294446722,-1.012422114597209
2020-04-23,6.0,723.0,0.0,37.0,4.142857142857143,6.0,717.0714285714286,0.8747712112930334,75.44829910719493,-1.1847027723226118
2020-04-24,1.0,724.0,0.0,37.0,3.857142857142857,5.0,722.0714285714286,0.8743746921474439,62.90209505597798,-1.370944854722591
2020-04-25,7.0,731.0,3.0,40.0,3.7142857142857144,4.5,726.5714285714286,0.8735317786840036,56.666513122823,-1.370912705740463
2020-04-26,2.0,733.0,0.0,40.0,3.7142857142857144,3.5714285714285716,730.1428571428571,0.8731369721750236,44.99375875454202,-1.6170619973803246
2020-04-27,7.0,740.0,0.0,40.0,2.857142857142857,3.0714285714285716,733.2142857142857,0.8732957797053311,38.68759596790255,-1.6945737334472808
2020-04-28,3.0,743.0,0.0,40.0,3.0,2.5,735.7142857142857,0.8734462822471829,31.48447770508407,-1.7873805988120193
2020-04-29,0.0,743.0,1.0,41.0,2.142857142857143,2.357142857142857,738.0714285714286,0.8733517554904343,29.688577672819967,-1.744137272738775
2020-04-30,0.0,743.0,1.0,42.0,2.0,2.4285714285714284,740.5,0.8732375735317003,30.592231168252553,-1.6114620333144902
2020-05-01,2.0,745.0,0.0,42.0,1.1428571428571428,2.0,742.5,0.8726792311649442,25.209721068567294,-1.7279612683944086
2020-05-02,1.0,746.0,1.0,43.0,1.0,2.0,744.5,0.8726974553481215,25.20919462429753,-1.6097498582645438
2020-05-03,1.0,747.0,1.0,44.0,1.1428571428571428,1.5,746.0,0.8727830832196453,18.90504103165299,-1.8179296736605126
2020-05-04,1.0,748.0,1.0,45.0,1.1428571428571428,1.5,747.5,0.8739479695236927,18.87984247963023,-1.6618839432193053
2020-05-05,2.0,750.0,0.0,45.0,1.0,1.0714285714285714,748.5714285714286,0.8741858312815409,13.481932403819261,-1.914913626250014
2020-05-06,1.0,751.0,1.0,46.0,0.8571428571428571,0.9285714285714286,749.5,0.8745282157423754,11.679766907937834,-2.00887909843922
2020-05-07,0.0,751.0,0.0,46.0,1.0,1.0714285714285714,750.5714285714286,0.8746445543888722,13.474861561276336,-1.7226217986523258
2020-05-08,1.0,752.0,1.0,47.0,1.0,1.2142857142857142,751.7857142857143,0.8747631018726851,15.269440181630893,-1.4157260136402385
2020-05-09,0.0,752.0,0.0,47.0,0.8571428571428571,1.1428571428571428,752.9285714285714,0.874420574270465,14.376867312296486,-1.3715629605482555
2020-05-10,2.0,754.0,1.0,48.0,1.0,1.0714285714285714,754.0,0.8742533127141514,13.480891767084191,-1.2052505276836283
2020-05-11,1.0,755.0,0.0,48.0,1.2857142857142858,1.0,755.0,0.8746585369534705,12.57633640473479,-1.123702045964282
2020-05-12,1.0,756.0,0.0,48.0,1.2857142857142858,0.9285714285714286,755.9285714285714,0.8748500303164521,11.67547049245799,-0.9920045512299107
2020-05-13,2.0,758.0,0.0,48.0,1.2857142857142858,0.7857142857142857,756.7142857142857,0.8748103903916807,9.879691916996387,-1.1002810529108085
2020-05-14,2.0,760.0,1.0,49.0,1.0,0.7142857142857143,757.4285714285714,0.8746488590471319,8.983196829071108,-1.2253902800422587
2020-05-15,1.0,761.0,0.0,49.0,0.8571428571428571,0.7857142857142857,758.2142857142857,0.8744980567163665,9.883220524594435,-0.9363912541487518
2020-05-16,0.0,761.0,0.0,49.0,0.7142857142857143,0.7142857142857143,758.9285714285714,0.8743817162117716,8.985941393175118,-1.0315475054015901
2020-05-17,0.0,761.0,2.0,51.0,0.42857142857142855,0.7142857142857143,759.6428571428571,0.874644512690388,8.983241469124927,-0.7440678251901147
2020-05-18,0.0,761.0,0.0,51.0,0.2857142857142857,0.5714285714285714,760.2142857142857,0.8751178706899861,7.182705891674133,-0.9664186402426482
2020-05-19,0.0,761.0,0.0,51.0,0.14285714285714285,0.5714285714285714,760.7857142857143,0.8754610643757481,7.179890164728623,-0.6300663630575294
2020-05-20,0.0,761.0,0.0,51.0,0.14285714285714285,0.5,761.2857142857143,0.8750258501777001,6.285528591964525,-0.6196080784496687
2020-05-21,1.0,762.0,0.0,51.0,0.14285714285714285,0.35714285714285715,761.6428571428571,0.8752167613146746,4.488683949185651,-1.0992662912922748
2020-05-22,0.0,762.0,0.0,51.0,0.2857142857142857,0.21428571428571427,761.8571428571429,0.8748405183633237,2.6943686393866013,-1.7346895514220577
2020-05-23,0.0,762.0,0.0,51.0,0.2857142857142857,0.14285714285714285,762.0,0.8747440936057024,1.7964437632852481,-2.07981145463871
2020-05-24,0.0,762.0,0.0,51.0,0.2857142857142857,0.21428571428571427,762.2142857142857,0.8747294614842799,2.6947107202073113,-1.6099823989652613
2020-05-25,1.0,763.0,0.0,51.0,0.14285714285714285,0.21428571428571427,762.4285714285714,0.8749558031054974,2.6940136276330815,-1.5407848485814157
2020-05-26,0.0,763.0,0.0,51.0,0.14285714285714285,0.21428571428571427,762.6428571428571,0.8751737727498821,2.6933426600942147,-1.4667070551176766
2020-05-27,0.0,763.0,0.0,51.0,0.2857142857142857,0.2857142857142857,762.9285714285714,0.875321800512334,3.5905162433034334,-1.0121853362583686
2020-05-28,0.0,763.0,0.0,51.0,0.2857142857142857,0.35714285714285715,763.2857142857143,0.8754133597883598,4.487675890074606,-0.6940208646857209
2020-05-29,0.0,763.0,0.0,51.0,0.14285714285714285,0.7857142857142857,764.0714285714286,0.8753572434891117,9.873519876761776,-0.0009820090171914764
2020-05-30,1.0,764.0,0.0,51.0,0.2857142857142857,0.8571428571428571,764.9285714285714,0.875213716861969,10.77287895164287,0.1813704789651207
2020-05-31,0.0,764.0,0.0,51.0,0.42857142857142855,0.8571428571428571,765.7857142857143,0.8752533415700197,10.772391238928106,0.18162571171623698
2020-06-01,0.0,764.0,0.0,51.0,1.4285714285714286,0.8571428571428571,766.6428571428571,0.8793638305046645,10.722036887917481,0.4006249685946641
2020-06-02,1.0,765.0,0.0,51.0,1.5714285714285714,0.7857142857142857,767.4285714285714,0.8799426247160695,9.822068962332546,0.3133477032516414
2020-06-03,1.0,766.0,0.0,51.0,1.4285714285714286,0.7857142857142857,768.2142857142857,0.881321875978075,9.806697619147892,0.4448156405304238
2020-06-04,7.0,773.0,0.0,51.0,1.4285714285714286,0.7857142857142857,769.0,0.8817038891297355,9.802448701216306,0.781072670231616
2020-06-05,1.0,774.0,0.0,51.0,1.4285714285714286,0.7857142857142857,769.7857142857143,0.8832451863889299,9.785343046354662,1.2897217528087697
2020-06-06,0.0,774.0,0.0,51.0,1.2857142857142858,0.7857142857142857,770.5714285714286,0.8848893786424342,9.767161129356877,1.6932168300583081
2020-06-07,0.0,774.0,0.0,51.0,1.1428571428571428,0.7857142857142857,771.3571428571429,0.8821799520741422,9.797158870518924,1.2908015733136509
2020-06-08,0.0,774.0,0.0,51.0,0.14285714285714285,0.7857142857142857,772.1428571428571,0.8825638240086909,9.792897587395371,1.2906252504603564
2020-06-09,0.0,774.0,0.0,51.0,0.0,0.7857142857142857,772.9285714285714,0.8830539148068239,9.787462574975216,1.2903191907871232
2020-06-10,0.0,774.0,0.0,51.0,0.14285714285714285,0.7142857142857143,773.6428571428571,0.8831098369791299,8.897129811190792,0.9074327390763941
2020-06-11,0.0,774.0,0.0,51.0,0.14285714285714285,0.7142857142857143,774.3571428571429,0.8832296689135994,8.895922695630677,0.6842580990746807
2020-06-12,0.0,774.0,0.0,51.0,0.14285714285714285,0.21428571428571427,774.5714285714286,0.8836535160273418,2.6674967217240417,-1.3087159384320453
2020-06-13,1.0,775.0,0.0,51.0,0.14285714285714285,0.21428571428571427,774.7857142857143,0.8851658938364141,2.662939086962242,-1.397601334847538
2020-06-14,0.0,775.0,0.0,51.0,0.2857142857142857,0.21428571428571427,775.0,0.8842938190504628,2.6655652299751575,-1.3965703653510038
2020-06-15,0.0,775.0,0.0,51.0,0.2857142857142857,0.21428571428571427,775.2142857142857,0.88258695605137,2.6707202513943136,-1.3899529526838594
2020-06-16,0.0,775.0,0.0,51.0,0.42857142857142855,0.21428571428571427,775.4285714285714,0.8820216837616801,2.672431869350449,-1.3016429184382532
2020-06-17,1.0,776.0,1.0,52.0,0.2857142857142857,0.21428571428571427,775.6428571428571,0.8823876346965782,2.671323536796155,-1.3004915265141073
2020-06-18,0.0,776.0,0.0,52.0,0.2857142857142857,0.21428571428571427,775.8571428571429,0.8825962806401088,2.670692035358821,-1.3002945938345123
2020-06-19,1.0,777.0,0.0,52.0,0.2857142857142857,0.21428571428571427,776.0714285714286,0.8828153342628491,2.670029354566062,-1.2987961920531572
2020-06-20,0.0,777.0,0.0,52.0,0.2857142857142857,0.21428571428571427,776.2857142857143,0.8847323489539443,2.6642440054665175,-1.2991055115252932
2020-06-21,0.0,777.0,0.0,52.0,0.14285714285714285,0.14285714285714285,776.4285714285714,0.8855883630629441,1.7744458226546056,-1.708604270882693
2020-06-22,0.0,777.0,0.0,52.0,0.14285714285714285,0.14285714285714285,776.5714285714286,0.8861180414040033,1.7733851450972975,-1.7087671555296247
2020-06-23,0.0,777.0,0.0,52.0,0.0,0.14285714285714285,776.7142857142857,0.8850101998242669,1.7756050401911798,-1.7069610049937702
2020-06-24,0.0,777.0,0.0,52.0,0.0,0.14285714285714285,776.8571428571429,0.8833627438554758,1.7789165123378443,-1.609724253564801
2020-06-25,0.0,777.0,0.0,52.0,0.0,0.07142857142857142,776.9285714285714,0.887441696817808,0.8853700344841843,-2.307342650980734
2020-06-26,0.0,777.0,0.0,52.0,0.0,0.07142857142857142,777.0,0.8902020734041597,0.8826246412903651,-1.1059957387815693
2020-06-27,0.0,777.0,0.0,52.0,0.0,0.0,777.0,0.8943510506798517,0.0,-inf
2020-06-28,0.0,777.0,0.0,52.0,0.0,0.0,777.0,,,
2020-06-29,0.0,777.0,0.0,52.0,0.0,0.0,777.0,,,
2020-06-30,0.0,777.0,0.0,52.0,0.0,0.0,777.0,0.8868276793517121,0.0,-inf
2020-07-01,0.0,777.0,0.0,52.0,0.0,0.0,777.0,0.8880506110259735,0.0,-inf
2020-07-02,0.0,777.0,0.0,52.0,0.0,0.0,777.0,0.8873868532353058,0.0,-inf
2020-07-03,0.0,777.0,0.0,52.0,0.0,0.0,777.0,0.8920942329057671,0.0,-inf
2020-07-04,0.0,777.0,0.0,52.0,0.0,0.0,777.0,0.8997360549005807,0.0,-inf
2020-07-05,0.0,777.0,0.0,52.0,0.0,0.0,777.0,0.8964677665528018,0.0,-inf
2020-07-06,0.0,777.0,0.0,52.0,0.0,0.0,777.0,0.8883620689655173,0.0,-inf
2020-07-07,0.0,777.0,0.0,52.0,0.0,0.0,777.0,0.8879287737333473,0.0,-inf
2020-07-08,0.0,777.0,0.0,52.0,0.0,0.21428571428571427,777.2142857142857,0.8864038859056198,2.659219904857045,0.40202833289458106
2020-07-09,0.0,777.0,0.0,52.0,0.0,0.42857142857142855,777.6428571428571,0.8794674938554661,5.360386537561412,1.8007856909991957
2020-07-10,0.0,777.0,0.0,52.0,0.0,0.5,778.1428571428571,0.8758690842193366,6.279477263319732,1.9621420022487068
2020-07-11,0.0,777.0,0.0,52.0,0.42857142857142855,1.5714285714285714,779.7142857142857,0.8832826582268637,19.569855838010344,inf
2020-07-12,0.0,777.0,0.0,52.0,0.8571428571428571,1.7857142857142858,781.5,0.881025534565082,22.295445900502568,
2020-07-13,0.0,777.0,0.0,52.0,1.0,1.7857142857142858,783.2857142857143,0.8770369645482031,22.396840654231678,
2020-07-14,3.0,780.0,0.0,52.0,3.142857142857143,1.7857142857142858,785.0714285714286,0.8739890020094888,22.47494773697837,inf
2020-07-15,3.0,783.0,0.0,52.0,3.5714285714285716,2.0714285714285716,787.1428571428571,0.8703360224542668,26.18036447745859,inf
2020-07-16,1.0,784.0,0.0,52.0,3.5714285714285716,2.0714285714285716,789.2142857142857,0.870824671266596,26.16567380041375,inf
2020-07-17,15.0,799.0,0.0,52.0,3.5714285714285716,2.4285714285714284,791.6428571428571,0.8746895840014473,30.54144716354769,inf
2020-07-18,3.0,802.0,0.0,52.0,3.7142857142857144,2.4285714285714284,794.0714285714286,0.8848762311456551,30.18985568150989,inf
2020-07-19,0.0,802.0,0.0,52.0,3.2857142857142856,2.4285714285714284,796.5,0.8812724439325158,30.31331105177661,inf
2020-07-20,0.0,802.0,0.0,52.0,3.857142857142857,3.0,799.5,0.8675267748203714,38.039171767157185,inf
2020-07-21,4.0,806.0,0.0,52.0,1.7142857142857142,3.0,802.5,,,
2020-07-22,0.0,806.0,0.0,52.0,1.2857142857142858,3.5,806.0,,,
2020-07-23,5.0,811.0,0.0,52.0,2.4285714285714284,3.2857142857142856,809.2857142857143,,,
2020-07-24,0.0,811.0,0.0,52.0,2.4285714285714284,4.0,813.2857142857143,,,
2020-07-25,0.0,811.0,0.0,52.0,3.2857142857142856,3.2142857142857144,816.5,,,
2020-07-26,8.0,819.0,0.0,52.0,3.2857142857142856,3.2142857142857144,819.7142857142857,,,
2020-07-27,0.0,819.0,0.0,52.0,4.142857142857143,3.2142857142857144,822.9285714285714,,,
2020-07-28,10.0,829.0,0.0,52.0,4.714285714285714,3.2142857142857144,826.1428571428571,0.8664319204466477,40.80775652738667,0.5964709193364182
2020-07-29,0.0,829.0,0.0,52.0,5.142857142857143,3.7857142857142856,829.9285714285714,0.8675351245579632,48.00134999038281,0.6062194529463465
2020-07-30,11.0,840.0,0.0,52.0,4.0,3.9285714285714284,833.8571428571429,0.8658334761222162,49.910620120428135,0.6457854167103538
2020-07-31,4.0,844.0,0.0,52.0,4.0,3.5714285714285716,837.4285714285714,0.8662604273394365,45.350928018694454,0.395345955321428
2020-08-01,3.0,847.0,0.0,52.0,4.285714285714286,3.9285714285714284,841.3571428571429,0.8724812465184759,49.53033189736371,0.49507928414729196
2020-08-02,0.0,847.0,0.0,52.0,4.571428571428571,4.714285714285714,846.0714285714286,0.8712237866601305,59.52218437003332,0.6747621649297346
2020-08-03,0.0,847.0,0.0,52.0,3.0,4.214285714285714,850.2857142857143,0.8696825662216066,53.3035209140095,0.33738592265658296
2020-08-04,12.0,859.0,0.0,52.0,3.142857142857143,4.214285714285714,854.5,0.8724765290063494,53.132825143088176,
2020-08-05,2.0,861.0,0.0,52.0,4.285714285714286,4.0,858.5,0.8738646684831971,50.351045862024165,
2020-08-06,0.0,861.0,0.0,52.0,4.428571428571429,4.0,862.5,0.872536374994962,50.427697069081,
2020-08-07,5.0,866.0,0.0,52.0,4.428571428571429,4.214285714285714,866.7142857142857,0.8712754220288245,53.20607202392681,
2020-08-08,11.0,877.0,0.0,52.0,3.7142857142857144,4.214285714285714,870.9285714285714,0.87401748611706,53.039148064520646,
2020-08-09,1.0,878.0,0.0,52.0,3.4285714285714284,4.571428571428571,875.5,0.8704777147160879,57.76795136233362,
2020-08-10,0.0,878.0,0.0,52.0,5.428571428571429,4.571428571428571,880.0714285714286,0.8707850278392191,57.747564184118005,
2020-08-11,7.0,885.0,0.0,52.0,5.285714285714286,4.571428571428571,884.6428571428571,0.873684786357753,57.5559001036828,0.3438844769560925
2020-08-12,0.0,885.0,0.0,52.0,4.857142857142857,4.857142857142857,889.5,0.873611398160587,61.158281063029584,0.24223613977879888
2020-08-13,14.0,899.0,1.0,53.0,4.714285714285714,4.714285714285714,894.2142857142857,0.8740075425848632,59.33260335920694,0.17292515043609447
2020-08-14,4.0,903.0,0.0,53.0,4.714285714285714,6.071428571428571,900.2857142857143,0.8702673366458,76.74160740436493,0.5260133908788749
2020-08-15,8.0,911.0,0.0,53.0,6.0,5.714285714285714,906.0,0.8718149896459028,72.09917654968628,0.3754573757644297
2020-08-16,0.0,911.0,0.0,53.0,6.0,6.428571428571429,912.4285714285714,0.8673146981780959,81.53244244889429,0.3146519182800622
2020-08-17,0.0,911.0,0.0,53.0,6.714285714285714,6.357142857142857,918.7857142857143,0.8666001048395917,80.6930105801398,0.4146495741992906
2020-08-18,16.0,927.0,0.0,53.0,6.142857142857143,6.357142857142857,925.1428571428571,0.8697148709695119,80.40401948125685,0.4142692552747129
2020-08-19,0.0,927.0,0.0,53.0,8.0,6.928571428571429,932.0714285714286,0.8693013574396947,87.67303198370178,0.5545949582664562
2020-08-20,19.0,946.0,0.0,53.0,8.0,6.928571428571429,939.0,0.8677261551070587,87.8321867627495,0.5548874561393586
2020-08-21,0.0,946.0,0.0,53.0,8.0,8.642857142857142,947.6428571428571,0.8629691810470295,110.16781440106543,0.727832263110642
2020-08-22,21.0,967.0,0.0,53.0,7.857142857142857,8.357142857142858,956.0,0.8648224798827673,106.29762010931191,0.6952126130451837
2020-08-23,0.0,967.0,0.0,53.0,7.857142857142857,9.642857142857142,965.6428571428571,0.8571073042863293,123.75513315657598,0.7618707334413877
2020-08-24,0.0,967.0,0.0,53.0,10.571428571428571,9.642857142857142,975.2857142857143,0.8509172627236579,124.65539626251079,0.7694719304659268
2020-08-25,15.0,982.0,0.0,53.0,10.571428571428571,9.642857142857142,984.9285714285714,0.8503788887639407,124.73431545979179,0.77342934768724
2020-08-26,0.0,982.0,0.0,53.0,11.285714285714286,12.214285714285714,997.1428571428571,0.8487781916014583,158.29476320973845,0.9509936098196059
2020-08-27,38.0,1020.0,0.0,53.0,11.285714285714286,12.785714285714286,1009.9285714285714,0.843492515205062,166.73871386833275,1.03326904094303
2020-08-28,0.0,1020.0,0.0,53.0,11.285714285714286,12.5,1022.4285714285714,0.8376699293374379,164.14579917982348,0.7603110215617646
2020-08-29,26.0,1046.0,0.0,53.0,16.571428571428573,12.5,1034.9285714285713,0.8372521188604105,164.2277121820273,0.8232113304014295
2020-08-30,0.0,1046.0,0.0,53.0,17.714285714285715,12.142857142857142,1047.0714285714287,0.8317294045949375,160.59481344954912,0.6778834982596607
2020-08-31,0.0,1046.0,0.0,53.0,14.428571428571429,12.142857142857142,1059.2142857142858,0.8182031963979225,163.24970271378385,0.7046289854925636
2020-09-01,52.0,1098.0,0.0,53.0,14.428571428571429,12.142857142857142,1071.357142857143,0.8181113629548621,163.26802758122568,0.7083290228641728
2020-09-02,8.0,1106.0,0.0,53.0,13.0,14.357142857142858,1085.7142857142858,0.819958736954546,192.60551087624563,0.787029762966382
2020-09-03,15.0,1121.0,0.0,53.0,13.0,14.357142857142858,1100.0714285714287,0.8191618364449568,192.79288219035993,0.7861884381015996
2020-09-04,0.0,1121.0,0.0,53.0,13.0,14.5,1114.5714285714287,0.8229433790990581,193.81649339547198,0.5649070123418687
2020-09-05,16.0,1137.0,0.0,53.0,12.142857142857142,14.5,1129.0714285714287,0.8330831008603261,191.45749065763562,0.5884229064173896
2020-09-06,0.0,1137.0,0.0,53.0,11.0,15.714285714285714,1144.7857142857142,0.8248613669191964,209.55902384270104,0.5267005557595263
2020-09-07,0.0,1137.0,0.0,53.0,14.571428571428571,15.714285714285714,1160.5,0.806483643088864,214.33434433349848,0.5419840521626487
2020-09-08,46.0,1183.0,0.0,53.0,14.571428571428571,15.714285714285714,1176.2142857142858,0.8006877125031634,215.88584432842777,0.5485637705501096
2020-09-09,0.0,1183.0,0.0,53.0,18.428571428571427,18.714285714285715,1194.9285714285713,0.8036770479490638,256.14411084959823,0.481281334188016
2020-09-10,40.0,1223.0,0.0,53.0,18.428571428571427,18.142857142857142,1213.0714285714287,0.8066538330176669,247.40653351244615,0.39460486875334144
2020-09-11,0.0,1223.0,0.0,53.0,18.428571428571427,17.071428571428573,1230.142857142857,0.8276540307643041,226.88914365861544,0.3237064920012962
2020-09-12,43.0,1266.0,0.0,53.0,25.285714285714285,20.285714285714285,1250.4285714285713,0.8305005078840861,268.68479311514335,0.4922849660535249
2020-09-13,0.0,1266.0,0.0,53.0,25.285714285714285,24.928571428571427,1275.357142857143,0.8124600150868448,337.5111151592791,0.7427139374190661
2020-09-14,0.0,1266.0,0.0,53.0,19.571428571428573,24.928571428571427,1300.2857142857142,0.7790030614925163,352.0066855564213,0.7683692213696611
2020-09-15,94.0,1360.0,0.0,53.0,26.0,24.928571428571427,1325.2142857142858,0.7750407848324514,353.8062655290656,0.7733562994613186
2020-09-16,0.0,1360.0,0.0,53.0,31.428571428571427,30.0,1355.2142857142858,0.7676063238677234,429.9078704005919,0.8029268188301097
2020-09-17,0.0,1360.0,0.0,53.0,31.428571428571427,30.0,1385.2142857142858,0.7746286474950873,426.01058076940393,0.7928477200526265
2020-09-18,45.0,1405.0,0.0,53.0,31.428571428571427,32.285714285714285,1417.5,0.7746683430156941,458.44503695649564,0.8609286076591767
2020-09-19,81.0,1486.0,0.0,53.0,34.714285714285715,32.285714285714285,1449.7857142857142,0.7883721106580297,450.47618039967244,0.8556393988746898
2020-09-20,0.0,1486.0,0.0,53.0,34.714285714285715,35.142857142857146,1484.9285714285713,0.7776720210467778,497.08799867981355,0.8637616337401495
2020-09-21,0.0,1486.0,0.0,53.0,45.0,35.142857142857146,1520.0714285714287,0.7478543638705898,516.9073649188757,0.8803265278365471
2020-09-22,117.0,1603.0,0.0,53.0,38.57142857142857,35.142857142857146,1555.2142857142858,0.7439478365734128,519.6216852406718,0.8783512489148269
2020-09-23,0.0,1603.0,0.0,53.0,38.857142857142854,37.714285714285715,1592.9285714285713,0.7412320305148966,559.6859360880054,0.7816355788933818
2020-09-24,72.0,1675.0,0.0,53.0,38.857142857142854,37.714285714285715,1630.642857142857,0.7397104796178978,560.8371846664116,0.8183977716787494
2020-09-25,0.0,1675.0,0.0,53.0,38.857142857142854,43.714285714285715,1674.357142857143,0.7413648181285658,648.6106854530474,1.050371124108909
2020-09-26,83.0,1758.0,0.0,53.0,40.714285714285715,40.5,1714.857142857143,0.7520970854829867,592.3437393909137,0.790548187507202
2020-09-27,0.0,1758.0,0.0,53.0,40.714285714285715,39.0,1753.857142857143,0.740155313802379,579.6080795476701,0.540753706642124
2020-09-28,0.0,1758.0,0.0,53.0,42.42857142857143,39.0,1792.857142857143,0.7056283517959763,607.9687684148497,0.5464733444323198
2020-09-29,130.0,1888.0,0.0,53.0,42.42857142857143,39.0,1831.857142857143,0.7021590633149276,610.9726733066292,0.5463027428236078
2020-09-30,0.0,1888.0,0.0,53.0,39.142857142857146,49.214285714285715,1881.0714285714287,0.69433353451878,779.6788084451947,0.5953111199832755
2020-10-01,84.0,1972.0,0.0,53.0,39.142857142857146,49.214285714285715,1930.2857142857142,,,
2020-10-02,0.0,1972.0,0.0,53.0,39.142857142857146,58.214285714285715,1988.5,,,
2020-10-03,60.0,2032.0,0.0,53.0,57.714285714285715,58.214285714285715,2046.7142857142858,,,
2020-10-04,0.0,2032.0,0.0,53.0,57.714285714285715,61.42857142857143,2108.1428571428573,,,
2020-10-05,0.0,2032.0,0.0,53.0,74.0,61.42857142857143,2169.5714285714284,,,
2020-10-06,260.0,2292.0,0.0,53.0,74.0,61.42857142857143,2231.0,,,
2020-10-07,0.0,2292.0,0.0,53.0,83.71428571428571,73.5,2304.5,0.6268675390435257,1289.7461579101848,0.8348249031869699
2020-10-08,198.0,2490.0,0.0,53.0,83.71428571428571,73.5,2378.0,0.6250985338168059,1293.3960907944515,0.8355960265934099
2020-10-09,0.0,2490.0,1.0,54.0,83.71428571428571,81.42857142857143,2459.4285714285716,0.6448618461273032,1389.001832087708,0.7615079933712119
2020-10-10,128.0,2618.0,1.0,55.0,89.28571428571429,81.42857142857143,2540.8571428571427,0.684511648232568,1308.5449868195085,0.792583994589374
2020-10-11,0.0,2618.0,0.0,55.0,89.28571428571429,90.5,2631.3571428571427,0.6784397030303223,1467.3374738440195,0.9288526449894761
2020-10-12,0.0,2618.0,0.0,55.0,88.85714285714286,90.5,2721.8571428571427,0.6256604164508444,1591.1187184369564,0.9620691313994669
2020-10-13,299.0,2917.0,2.0,57.0,88.85714285714286,90.5,2812.3571428571427,0.5462742575543609,1822.3447036600214,1.0928270160080427
2020-10-14,0.0,2917.0,0.0,57.0,97.28571428571429,89.5,2901.8571428571427,0.5212605949452792,1888.6906271964615,0.8847570272880851
2020-10-15,195.0,3112.0,2.0,59.0,97.28571428571429,89.5,2991.3571428571427,0.5046974655834576,1950.6735562102826,
2020-10-16,0.0,3112.0,0.0,59.0,97.28571428571429,88.78571428571429,3080.1428571428573,0.5132587534863103,1902.8274734897557,
2020-10-17,187.0,3299.0,0.0,59.0,89.71428571428571,88.78571428571429,3168.9285714285716,0.5474134733093444,1784.1045293215764,
2020-10-18,0.0,3299.0,0.0,59.0,89.71428571428571,95.85714285714286,3264.785714285714,0.5252350798204347,2007.5364573688707,
2020-10-19,0.0,3299.0,0.0,59.0,88.71428571428571,95.85714285714286,3360.6428571428573,0.462234566515792,2281.154737899827,
2020-10-20,246.0,3545.0,3.0,62.0,88.71428571428571,95.85714285714286,3456.5,0.4753049790240671,2218.4252594904556,
2020-10-21,0.0,3545.0,0.0,62.0,94.42857142857143,95.0,3551.5,0.48701332808088765,2145.7318306213515,0.509035251771575
2020-10-22,188.0,3733.0,1.0,63.0,94.42857142857143,101.07142857142857,3652.5714285714284,0.49766468231642086,2234.0056543912597,0.5465248441052735
2020-10-23,0.0,3733.0,0.0,63.0,94.42857142857143,94.78571428571429,3747.3571428571427,0.5255254144200585,1984.0008276164178,0.3565300432389993
2020-10-24,227.0,3960.0,6.0,69.0,100.28571428571429,98.35714285714286,3845.714285714286,0.5703330745735905,1897.01179830308,0.3713640875393347
2020-10-25,0.0,3960.0,0.0,69.0,112.42857142857143,92.0,3937.714285714286,0.5903877485403027,1714.1277109867328,0.15545481166881547
2020-10-26,0.0,3960.0,0.0,69.0,100.85714285714286,98.5,4036.214285714286,0.5951566806829964,1820.5290054991656,0.13468975589136623
2020-10-27,287.0,4247.0,3.0,72.0,108.0,103.42857142857143,4139.642857142857,0.6002627272214246,1895.3605381774876,0.039285107392895036
2020-10-28,85.0,4332.0,0.0,72.0,89.57142857142857,90.35714285714286,4230.0,0.609788415252887,1629.9564677960907,-0.14733049155015898
2020-10-29,107.0,4439.0,0.0,72.0,102.57142857142857,91.92857142857143,4321.928571428572,0.6224400653945512,1624.597036621187,-0.18291491880901667
2020-10-30,50.0,4489.0,1.0,73.0,112.42857142857143,88.14285714285714,4410.071428571428,0.6187278108501996,1567.0403230123623,-0.19415222826470657
2020-10-31,98.0,4587.0,2.0,75.0,80.42857142857143,94.57142857142857,4504.642857142857,0.6127128163214264,1697.835734090447,-0.04956228271926566
2020-11-01,91.0,4678.0,0.0,75.0,71.42857142857143,78.35714285714286,4583.0,,,
2020-11-02,69.0,4747.0,0.0,75.0,75.42857142857143,91.5,4674.5,,,
2020-11-03,63.0,4810.0,0.0,75.0,81.14285714285714,96.07142857142857,4770.571428571428,,,
2020-11-04,22.0,4832.0,0.0,75.0,67.14285714285714,79.42857142857143,4850.0,,,
2020-11-05,135.0,4967.0,0.0,75.0,80.42857142857143,76.21428571428571,4926.214285714285,,,
2020-11-06,90.0,5057.0,0.0,75.0,79.71428571428571,75.0,5001.214285714285,,,
2020-11-07,0.0,5057.0,0.0,75.0,78.42857142857143,74.92857142857143,5076.142857142857,,,
2020-11-08,184.0,5241.0,0.0,75.0,81.0,73.15384615384616,5113.7692307692305,,,
2020-11-09,64.0,5305.0,0.0,75.0,74.57142857142857,71.66666666666667,5150.083333333333,,,
2020-11-10,54.0,5359.0,0.0,75.0,68.71428571428571,71.9090909090909,5186.727272727273,,,
2020-11-11,40.0,5399.0,0.0,75.0,80.16666666666667,72.8,5224.4,,,
2020-11-12,90.0,5489.0,0.0,75.0,59.4,78.44444444444444,5268.0,,,
2020-11-13,49.0,5538.0,0.0,75.0,58.25,71.375,5305.625,,,
