date,trips between parishes,users making trips between parishes,users making trips,total trips,users present,entrances,stay home users,portion of users staying home,fraction of people not staying home,trips between parishes from La Massana,trips between parishes from Sant Julià de Lòria,90th percentile trips,indoor interaction potential,outdoor interaction potential,interaction potential
2020-03-02,165026,106774,70640,573065,102190.0,24480.0,15114,0.21086556169429096,0.7891344383057091,19652,13756,16.0,685724.9583333331,482541.625,1168266.583333333
2020-03-03,162651,103525,67786,573473,98733.0,4476.0,15496,0.21846275305926804,0.781537246940732,19194,13246,16.0,646108.4464285711,471608.3452380952,1117716.7916666665
2020-03-04,161056,104600,67110,542712,98632.0,4705.0,15757,0.22169851141064242,0.7783014885893575,18831,13313,16.0,625221.5436507933,447730.16468253953,1072951.7083333328
2020-03-05,171298,109685,68958,583466,99691.0,5936.0,15373,0.21512433355256713,0.7848756664474329,19953,14080,16.0,665747.2301587302,478777.76984126976,1144525.0
2020-03-06,179249,115252,72300,594470,104183.0,10524.0,15422,0.20693449266027963,0.7930655073397204,20673,15661,16.0,713956.2936507935,498722.3035714286,1212678.597222222
2020-03-07,153195,98315,70909,551307,110584.0,15299.0,20158,0.26501018865444026,0.7349898113455597,17797,12900,15.0,612954.7063492063,462694.7936507936,1075649.5
2020-03-08,123084,82911,65394,453150,108397.0,12082.0,22012,0.29381457059718624,0.7061854294028138,14600,9727,12.0,347828.7956349207,305014.0932539682,652842.888888889
2020-03-09,157824,101521,65638,531454,92934.0,6473.0,14705,0.21266595320047435,0.7873340467995257,18455,13646,16.0,576132.511904762,412188.0158730159,988320.527777778
2020-03-10,160725,110758,63290,520117,91646.0,4019.0,15580,0.22785772785772787,0.7721422721422722,18852,13705,16.0,517801.6746031746,423680.7003968254,941482.375
2020-03-11,167504,109773,67395,552604,92510.0,5629.0,13578,0.19846524884893663,0.8015347511510633,19540,13780,16.0,604477.0555555556,433350.11111111107,1037827.1666666669
2020-03-12,170969,109789,67720,572964,91197.0,5079.0,12958,0.18974404029754582,0.8102559597024541,19879,14571,17.0,635434.1011904763,454353.9682539683,1089788.0694444443
2020-03-13,162158,102174,67646,572985,89320.0,5849.0,11847,0.17504949909867312,0.8249505009013269,18568,14617,17.0,632811.8095238096,416280.17658730154,1049091.986111111
2020-03-14,77809,48161,47316,373072,79715.0,3555.0,19783,0.3119117067402444,0.6880882932597556,9494,5842,14.0,236661.8452380952,226322.9047619048,462984.75
2020-03-15,52279,31579,37885,299114,71180.0,1354.0,22178,0.3758473427331887,0.6241526572668112,6395,2780,14.0,146994.16666666663,173708.16666666663,320702.33333333326
2020-03-16,84635,47643,43138,376943,67367.0,513.0,16633,0.2925255012310939,0.7074744987689061,10006,6525,17.0,226869.98015873012,220400.75595238095,447270.73611111107
2020-03-17,75700,44327,41616,354336,65803.0,363.0,16934,0.3023388680592751,0.6976611319407249,9112,5638,16.0,213837.85515873015,221644.61706349204,435482.47222222225
2020-03-18,55990,32063,37505,310592,64400.0,249.0,19034,0.3443322840913202,0.6556677159086798,6619,3472,15.0,170810.7142857143,203825.41071428565,374636.125
2020-03-19,52387,30516,36761,299373,63695.0,238.0,19246,0.35102502371051286,0.6489749762894872,6374,3055,15.0,161401.46626984127,186775.10317460308,348176.56944444444
2020-03-20,47967,27838,35402,287733,63142.0,227.0,20023,0.3674282044224241,0.6325717955775759,5685,2747,15.0,149833.7063492063,175582.5992063492,325416.3055555555
2020-03-21,34114,18911,30373,241850,62570.0,123.0,23753,0.43857899887368673,0.5614210011263132,3948,1467,13.0,120339.70238095244,159936.33928571432,280276.04166666674
2020-03-22,29178,16064,28339,225687,62284.0,137.0,25231,0.46748313940561775,0.5325168605943822,3231,1082,12.0,108616.5515873016,155211.37896825394,263827.9305555555
2020-03-23,43168,23848,33827,271570,62114.0,213.0,20803,0.3863210087466805,0.6136789912533195,4877,2264,14.0,142987.47023809527,175326.16865079364,318313.63888888893
2020-03-24,44265,24683,34160,279100,61749.0,181.0,20230,0.3774324147838579,0.6225675852161421,5257,2247,15.0,143028.32142857142,189277.9702380952,332306.2916666666
2020-03-25,39679,22271,32785,261535,61415.0,205.0,21117,0.3955827807125998,0.6044172192874002,4497,1964,14.0,135391.29365079367,177868.40079365077,313259.6944444445
2020-03-26,42150,23804,33237,267820,61174.0,226.0,20585,0.3868924557380747,0.6131075442619254,4711,2030,14.0,134479.24206349207,173930.7301587301,308409.97222222213
2020-03-27,44180,25243,33887,268031,61057.0,297.0,20090,0.3783427495291902,0.6216572504708098,5065,2336,14.0,137976.64484126982,168197.98015873018,306174.625
2020-03-28,32649,18391,29259,233090,60767.0,217.0,23499,0.4441483329553187,0.5558516670446814,3734,1419,13.0,109805.79365079364,155940.92857142858,265746.72222222225
2020-03-29,29052,16118,27856,218821,60626.0,203.0,24611,0.46624104876292954,0.5337589512370704,3149,1098,12.0,103537.25198412697,154020.95634920642,257558.2083333334
2020-03-30,42453,24216,33178,260988,60680.0,396.0,20247,0.38378573053301995,0.6162142694669801,4668,2348,14.0,137940.64484126982,177760.17460317453,315700.81944444444
2020-03-31,44298,25609,33561,268563,60631.0,466.0,19853,0.37701057748912814,0.6229894225108719,4884,2376,14.0,136675.11904761902,176340.4087301587,313015.5277777777
2020-04-01,45687,28934,35382,290213,60627.0,529.0,16349,0.3344106036122645,0.6655893963877355,4575,2136,15.0,152403.22222222216,209619.3333333333,362022.55555555545
2020-04-02,43710,27689,34783,282581,60610.0,510.0,17010,0.3477603091202748,0.6522396908797252,4339,2040,15.0,143878.94642857142,193620.56746031746,337499.51388888893
2020-04-03,46735,30242,36032,296218,60653.0,551.0,16078,0.3282497294869439,0.671750270513056,4829,2220,15.0,151051.50793650802,196519.93650793645,347571.44444444444
2020-04-04,34161,20984,30525,242316,60406.0,326.0,19937,0.407801345906032,0.592198654093968,3565,1273,13.0,108701.54960317463,159988.95039682538,268690.5
2020-04-05,29281,17015,28050,225506,60319.0,242.0,21714,0.4441944194419442,0.5558055805580557,3100,925,13.0,95582.72619047614,147628.73214285707,243211.4583333332
2020-04-06,44793,28917,36396,291448,60651.0,629.0,15803,0.322477298234874,0.677522701765126,4741,2085,15.0,147427.5952380952,178152.68253968254,325580.2777777777
2020-04-07,44565,28464,34273,278757,60484.0,450.0,17586,0.3593159389493901,0.6406840610506099,4491,2064,14.0,136872.3531746032,181236.6329365079,318108.98611111107
2020-04-08,44719,28735,34370,276947,60525.0,468.0,17459,0.35656809084225144,0.6434319091577485,4581,2200,14.0,135569.26587301586,177911.90079365086,313481.16666666674
2020-04-09,45163,29813,35041,281403,60593.0,470.0,17069,0.3481195953662914,0.6518804046337086,4782,2345,14.0,146378.81547619044,180572.2261904762,326951.0416666666
2020-04-10,34352,21721,30611,244652,60437.0,326.0,19965,0.4077402226079853,0.5922597773920146,3844,1386,13.0,111528.49404761904,152738.93650793654,264267.43055555556
2020-04-11,33251,21010,30117,237539,60438.0,302.0,20374,0.4163226940210062,0.5836773059789938,3708,1393,13.0,104520.52976190476,143368.27579365086,247888.8055555556
2020-04-12,30232,18142,28253,227212,60436.0,258.0,21736,0.44417197972862515,0.5558280202713748,3228,1135,13.0,100643.98809523806,145444.47023809527,246088.45833333328
2020-04-13,31793,19323,28645,227669,60516.0,305.0,21491,0.43902189900310506,0.5609781009968949,3332,1164,13.0,99738.49404761904,152957.70039682544,252696.1944444445
2020-04-14,47467,31321,35595,285251,60815.0,518.0,16699,0.34060823627796927,0.6593917637220308,4898,2491,14.0,141739.3333333333,181262.15277777772,323001.48611111107
2020-04-15,48457,31710,35764,287164,61024.0,558.0,16591,0.3379848435462842,0.6620151564537158,5162,2519,14.0,145253.17460317462,184300.86706349207,329554.04166666674
2020-04-16,48832,32001,36775,295597,61216.0,598.0,15908,0.3239126893630884,0.6760873106369116,5140,2517,15.0,142781.5734126984,185547.66269841266,328329.23611111107
2020-04-17,50491,33602,36933,297895,61551.0,665.0,15963,0.32456996462120286,0.6754300353787972,5109,2789,15.0,144575.14484126985,179271.1329365079,323846.2777777777
2020-04-18,39760,25628,33516,261310,61611.0,431.0,18130,0.3686832740213523,0.6313167259786476,4265,1770,13.0,115322.71626984127,169701.40873015867,285024.12499999994
2020-04-19,32748,20232,30071,235884,61727.0,381.0,20605,0.4186476492340201,0.5813523507659799,3537,1310,12.0,97121.63293650797,150191.0892857143,247312.72222222228
2020-04-20,55821,37738,38444,314583,62160.0,677.0,15060,0.30525995743387047,0.6947400425661295,5769,3371,15.0,152848.46626984124,194096.5337301587,346944.99999999994
2020-04-21,54859,37391,37707,307558,62436.0,627.0,15671,0.31717535621761656,0.6828246437823835,5833,3301,15.0,151519.07539682538,189456.7162698413,340975.79166666674
2020-04-22,58466,39953,39351,319068,62725.0,625.0,14722,0.2976125497806619,0.7023874502193381,6081,3521,15.0,161198.2837301587,207973.67460317462,369171.95833333326
2020-04-23,60138,41466,39288,319013,62987.0,593.0,14814,0.29905523255813954,0.7009447674418605,6307,3587,15.0,162385.246031746,203912.0873015873,366297.33333333326
2020-04-24,60528,42331,39718,319428,63226.0,568.0,14600,0.29456863852796383,0.7054313614720362,6465,3865,15.0,155099.36706349204,193905.9107142857,349005.2777777777
2020-04-25,43680,29137,33787,265043,63196.0,339.0,18335,0.37006761529922294,0.6299323847007771,4736,2380,13.0,114972.74603174605,170213.21230158725,285185.95833333326
2020-04-26,36654,23788,31900,246021,63309.0,319.0,19751,0.39843860321558977,0.6015613967844102,3946,1797,13.0,103307.9761904762,162290.3015873016,265598.2777777778
2020-04-27,58084,39917,38960,315726,63655.0,531.0,15080,0.3037872683319903,0.6962127316680097,5883,3490,15.0,156570.38293650796,186554.49206349198,343124.875
2020-04-28,62453,43728,40465,331499,63948.0,576.0,14170,0.285179520206086,0.7148204797939139,6601,3967,15.0,161160.76388888885,197291.29166666672,358452.05555555545
2020-04-29,63754,44638,40719,337022,64105.0,512.0,14012,0.28190890069209723,0.7180910993079028,6725,4057,15.0,167737.21230158728,198947.99603174606,366685.20833333326
2020-04-30,68584,48945,42026,345613,64258.0,567.0,13214,0.26611620179236734,0.7338837982076327,7220,4732,15.0,181600.54166666663,205261.5555555556,386862.09722222225
2020-05-01,47367,32267,35613,281186,64149.0,326.0,17559,0.3501924572704972,0.6498075427295028,5057,2758,14.0,127022.22420634922,181640.77579365074,308662.99999999994
2020-05-02,56461,39599,38148,303341,64331.0,400.0,16010,0.3186450123397819,0.6813549876602181,6261,3512,14.0,133494.40476190473,189580.73412698423,323075.138888889
2020-05-03,51317,35579,36762,291794,64504.0,423.0,16798,0.3336776449088236,0.6663223550911763,5877,3050,14.0,124795.42658730158,187169.40674603172,311964.83333333326
2020-05-04,82599,59087,44766,390307,65231.0,1014.0,12255,0.24229423278435713,0.7577057672156429,9259,6162,17.0,204805.378968254,232011.00992063485,436816.3888888888
2020-05-05,84461,60214,44794,391891,65448.0,639.0,12322,0.24320536859765124,0.7567946314023488,9598,6293,17.0,205611.1091269841,240399.36309523808,446010.4722222222
2020-05-06,84850,60904,45323,393859,65708.0,625.0,12072,0.23777821548158362,0.7622217845184164,9469,6259,17.0,211998.4265873016,242938.90674603172,454937.33333333326
2020-05-07,83170,60085,44908,387491,65863.0,556.0,12445,0.24488390397481308,0.7551160960251869,9181,6291,16.0,208681.97817460308,232402.16071428574,441084.13888888893
2020-05-08,85940,62512,45331,389621,66032.0,573.0,12246,0.24057048561999056,0.7594295143800094,9927,6703,16.0,210733.4206349205,231645.6765873017,442379.0972222222
2020-05-09,62219,43935,39426,322009,65952.0,327.0,15713,0.3086730183675474,0.6913269816324525,6906,4137,15.0,147392.6666666666,208352.0138888888,355744.6805555554
2020-05-10,42160,27853,33274,259948,65958.0,264.0,19795,0.38865546218487396,0.6113445378151261,4426,2510,13.0,115080.37896825395,178282.42658730157,293362.8055555555
2020-05-11,79003,56546,43211,368668,66259.0,504.0,13752,0.26962591169320055,0.7303740883067995,8617,6052,16.0,196537.95039682536,216705.5773809524,413243.52777777775
2020-05-12,84746,61378,45103,385633,66442.0,576.0,12635,0.24746851558062558,0.7525314844193745,9507,6384,16.0,207905.7837301587,219142.31349206352,427048.0972222222
2020-05-13,84802,61210,44263,376258,66490.0,487.0,13184,0.25809988058182104,0.7419001194181789,9451,6415,16.0,200747.78968253967,226124.15476190468,426871.9444444444
2020-05-14,80027,57702,42562,356936,66467.0,394.0,14349,0.2811489703548406,0.7188510296451593,8798,5979,16.0,186174.45436507935,216808.1567460317,402982.61111111107
2020-05-15,82625,60338,43185,361754,66456.0,339.0,13853,0.2714996864220759,0.7285003135779241,9210,6416,16.0,190922.11904761894,221121.56150793657,412043.68055555545
2020-05-16,62362,45782,38526,300557,66457.0,285.0,16603,0.3253385064566065,0.6746614935433934,7131,4538,14.0,138476.05555555553,189299.4444444445,327775.5
2020-05-17,67365,51218,39780,310369,66659.0,395.0,15728,0.3080358017195793,0.6919641982804208,8210,4310,14.0,123132.55555555555,177088.15277777778,300220.70833333326
2020-05-18,96509,71558,47133,405437,66962.0,587.0,11409,0.22306293624259488,0.7769370637574051,10940,7269,17.0,227658.9662698412,243777.7837301588,471436.75
2020-05-19,101132,75039,48073,415406,67197.0,639.0,10886,0.2126088824655287,0.7873911175344713,11643,7617,17.0,238982.94841269852,258616.5654761904,497599.51388888893
2020-05-20,99415,74049,47594,409170,67007.0,504.0,11104,0.21767853992276176,0.7823214600772382,11372,7546,16.0,231803.2063492063,247103.69642857142,478906.90277777775
2020-05-21,96107,72347,46579,385462,67141.0,537.0,11790,0.23119913717031082,0.7688008628296892,11260,7255,16.0,218594.48809523808,246257.99801587305,464852.48611111107
2020-05-22,100185,76465,46946,388579,66958.0,485.0,11305,0.22256127571611378,0.7774387242838863,11924,7853,16.0,217499.0694444444,235389.79166666672,452888.86111111107
2020-05-23,78731,62040,41818,320617,66919.0,365.0,14350,0.28266393523351785,0.7173360647664822,9983,5708,14.0,131688.97222222222,178318.2777777777,310007.2499999999
2020-05-24,61686,48523,38095,273017,66930.0,275.0,16650,0.32805942505861724,0.6719405749413827,7993,4178,12.0,101532.59920634922,151365.27579365086,252897.87500000012
2020-05-25,87351,66843,44890,346273,67070.0,483.0,12578,0.24809657185687797,0.751903428143122,10297,6643,14.0,202352.92460317453,220595.68650793654,422948.61111111107
2020-05-26,100088,76318,47222,383675,67206.0,529.0,11182,0.22059142648596397,0.779408573514036,12048,7701,16.0,218582.87301587305,232396.3492063491,450979.22222222213
2020-05-27,93840,71957,45994,361127,67311.0,525.0,11958,0.23596968979398533,0.7640303102060146,11364,7442,15.0,210099.5575396825,219920.81746031746,430020.375
2020-05-28,95975,73500,46641,372502,67392.0,484.0,11419,0.2254224573594441,0.7745775426405559,11131,7621,15.0,222428.06349206343,231248.82539682547,453676.88888888893
2020-05-29,102927,80261,47685,390100,67431.0,443.0,10833,0.21383734701934465,0.7861626529806554,12373,8469,16.0,239318.1011904762,250023.71825396825,489341.81944444455
2020-05-30,88479,70411,43126,343782,67429.0,374.0,13495,0.2666785234368825,0.7333214765631175,11396,6361,15.0,150157.32936507932,209015.24007936512,359172.5694444444
2020-05-31,75830,60161,41085,316270,67526.0,408.0,14830,0.29304825514761096,0.706951744852389,9623,5487,14.0,119163.34126984127,186097.96428571426,305261.3055555555
2020-06-01,82242,64019,44483,339389,69905.0,2718.0,15249,0.274361281036344,0.725638718963656,8732,6574,14.0,232840.4087301587,256625.35515873015,489465.76388888893
2020-06-02,121416,91757,52344,458457,70314.0,2392.0,10208,0.1826216075996923,0.8173783924003077,13349,10285,17.0,408858.3035714286,397516.9047619047,806375.2083333333
2020-06-03,103771,79316,47553,386588,71204.0,2692.0,14090,0.25183199285075963,0.7481680071492404,12115,8874,15.0,322278.3075396825,347271.9841269841,669550.2916666665
2020-06-04,110851,83896,49393,411486,71507.0,2676.0,12509,0.2233430938437366,0.7766569061562634,12295,9666,16.0,331714.46428571444,340659.8829365077,672374.3472222221
2020-06-05,124101,95269,51729,442386,72525.0,3383.0,11122,0.19760851411616295,0.802391485883837,14309,10462,16.0,378939.64484126976,385810.35515873006,764749.9999999999
2020-06-06,96322,76621,46299,356399,73636.0,4032.0,15267,0.2706674940164879,0.7293325059835121,11850,7789,14.0,249064.48611111112,285778.94444444444,534843.4305555555
2020-06-07,60537,47284,38276,265059,72016.0,2165.0,20625,0.36621743994033984,0.6337825600596602,6933,5142,11.0,156604.44047619044,206651.92063492065,363256.36111111107
2020-06-08,112138,85838,49880,412707,72325.0,2724.0,12359,0.21960233835000623,0.7803976616499938,12874,9586,16.0,354703.37896825396,346530.0793650793,701233.4583333333
2020-06-09,114185,86951,50531,414761,72702.0,2778.0,12078,0.21390241742672453,0.7860975825732754,13143,9482,16.0,384130.6587301585,365315.4662698413,749446.1249999999
2020-06-10,118614,90332,51097,427481,72804.0,2611.0,11731,0.20715900261354805,0.792840997386452,13643,9920,16.0,379776.8253968252,365974.4662698413,745751.2916666665
2020-06-11,116334,87083,50189,423641,72946.0,2626.0,12660,0.22359985163990886,0.7764001483600911,13092,9523,16.0,333420.21230158705,342142.9404761907,675563.1527777779
2020-06-12,129367,97952,52394,451758,73232.0,2994.0,11203,0.197406213106377,0.802593786893623,14290,11356,16.0,371174.4523809524,369590.6865079365,740765.1388888888
2020-06-13,99076,78426,46468,357662,74217.0,3742.0,15505,0.2729513247073321,0.7270486752926679,11340,8684,14.0,231712.3412698413,278144.2976190477,509856.638888889
2020-06-14,76615,60794,42209,301764,73678.0,3026.0,18283,0.3222639380959935,0.6777360619040065,8864,6443,12.0,155334.58928571426,208298.8412698413,363633.43055555545
2020-06-15,118077,89918,51051,429249,72627.0,2544.0,11910,0.21065105502396575,0.7893489449760343,12865,10471,16.0,343044.238095238,337557.97023809544,680602.2083333335
2020-06-16,112260,85238,49747,410021,72299.0,2196.0,12733,0.22527511411485793,0.7747248858851421,12326,10014,16.0,327084.58134920645,327829.0158730157,654913.5972222221
2020-06-17,119216,90604,51183,425527,72544.0,2355.0,11727,0.20730801866779805,0.792691981332202,12777,10602,16.0,357574.8432539681,347308.9484126985,704883.7916666665
2020-06-18,119709,90579,51201,432208,72693.0,2509.0,11905,0.21061477222467934,0.7893852277753206,13137,10538,16.0,359589.14484126976,346948.60515873024,706537.75
2020-06-19,121137,92914,51109,425565,72849.0,2765.0,12232,0.21608253250423967,0.7839174674957603,13548,10624,16.0,352713.74404761905,334432.7559523809,687146.5
2020-06-20,87793,70595,42942,322393,74081.0,3804.0,18628,0.3291631325982471,0.6708368674017529,10415,7941,13.0,216398.39484126988,244899.11904761905,461297.51388888893
2020-06-21,76446,62678,42077,294406,74649.0,4174.0,18976,0.33489225773432396,0.665107742265676,9324,7172,12.0,152307.62698412698,188857.58134920636,341165.2083333334
2020-06-22,119883,92750,52321,432335,75010.0,4718.0,12488,0.2206009645109435,0.7793990354890565,13750,11269,16.0,360556.99801587296,339655.22420634923,700212.2222222221
2020-06-23,84887,69780,47228,301780,74301.0,3323.0,15758,0.28048129294079954,0.7195187070592004,10131,8103,12.0,227992.9841269841,200413.40476190476,428406.38888888893
2020-06-24,39332,34664,32478,148522,73265.0,2859.0,25488,0.4549966082330679,0.5450033917669321,5057,3260,7.0,66685.65277777777,85486.18055555558,152171.83333333337
2020-06-25,116178,90637,51149,417183,75927.0,4572.0,13922,0.2458805037000406,0.7541194962999593,13234,11486,15.0,347035.5912698413,319739.03373015864,666774.625
2020-06-26,122162,96040,52925,426554,77843.0,5908.0,13635,0.2371675566610426,0.7628324433389574,14194,11840,15.0,348692.9563492064,325031.3908730157,673724.3472222221
2020-06-27,74299,63329,43330,267525,80900.0,7675.0,22387,0.39215583232609874,0.6078441676739013,9230,7910,10.0,162724.93849206358,146352.3392857142,309077.2777777777
2020-06-30,123530,95460,51748,434033,75522.0,5226.0,12439,0.22359835343603388,0.7764016465639662,14183,11831,16.0,392501.492063492,369399.60515873024,761901.0972222221
2020-07-01,125833,98020,53391,450729,76347.0,4482.0,9939,0.1928704494294807,0.8071295505705193,14753,12447,16.0,413637.90079365065,379250.4047619049,792888.3055555555
2020-07-02,105392,85032,50617,374791,75897.0,4029.0,11361,0.2193963269798969,0.7806036730201031,13014,10454,14.0,333418.4206349206,259258.6626984127,592677.0833333333
2020-07-03,125105,98328,54266,439221,79208.0,7200.0,11137,0.2081760065796852,0.7918239934203148,14412,12585,15.0,402014.6230158728,378219.7519841271,780234.375
2020-07-04,103029,84685,49813,365821,85245.0,11473.0,17660,0.32460251815090524,0.6753974818490948,12208,10580,13.0,276629.9662698412,283175.39484126976,559805.361111111
2020-07-05,83783,69111,46897,317115,82554.0,6904.0,16945,0.3133378945616598,0.6866621054383402,10331,7941,12.0,180908.1567460317,214571.50992063488,395479.66666666657
2020-07-06,117190,92034,52324,424865,76560.0,5459.0,11200,0.21488459546056293,0.7851154045394371,12974,11945,15.0,386243.55158730154,339600.44841269834,725844.0
2020-07-07,126379,99362,54219,457570,76264.0,5280.0,10105,0.19488158605261127,0.8051184139473887,15272,12530,16.0,419019.6349206349,365412.7123015873,784432.3472222221
2020-07-08,125860,99435,54034,452970,75261.0,5075.0,9822,0.1906740177046125,0.8093259822953875,15435,12316,16.0,417482.75396825396,364217.3432539681,781700.0972222221
2020-07-09,109126,85831,46995,389200,70969.0,4262.0,11991,0.2412627512524899,0.7587372487475101,13735,10549,15.0,328507.53373015864,330805.1468253969,659312.6805555555
2020-07-10,100869,79603,43216,353323,68956.0,6255.0,13153,0.2732579881165081,0.726742011883492,12889,9960,15.0,276774.08928571426,315767.5218253969,592541.6111111111
2020-07-11,82168,67676,39977,303310,73484.0,9434.0,18412,0.3744255094155448,0.6255744905844551,10468,8010,13.0,222643.253968254,275200.0099206349,497843.26388888893
2020-07-12,66271,54818,37919,264391,72255.0,6335.0,18562,0.37837617465397394,0.621623825346026,8393,6151,11.0,153383.14484126985,221164.43849206343,374547.58333333326
2020-07-13,101016,80118,44156,364026,70071.0,6880.0,12999,0.27298500567012474,0.7270149943298753,12038,9648,15.0,323709.3452380952,349295.7380952381,673005.0833333333
2020-07-14,100771,79415,43512,359689,68532.0,5303.0,12672,0.2688334005133971,0.7311665994866029,12229,9626,15.0,302271.5714285714,335623.2757936507,637894.8472222221
2020-07-15,97393,77342,42130,337605,66777.0,4818.0,12750,0.27552078831359667,0.7244792116864034,11961,9211,15.0,279179.1924603175,290447.32142857136,569626.5138888889
2020-07-16,102710,81796,42716,352152,67206.0,5400.0,12772,0.2754248253256275,0.7245751746743725,12433,9874,15.0,307483.8511904761,329188.25992063485,636672.111111111
2020-07-17,99690,79884,44479,350084,69492.0,7562.0,12803,0.26692936368943376,0.7330706363105662,12443,9490,14.0,288579.4484126985,315135.9543650793,603715.4027777779
2020-07-18,88637,72585,43535,328905,75873.0,12274.0,17287,0.3525944358325855,0.6474055641674146,11114,8087,13.0,215755.3849206349,272626.3789682541,488381.763888889
2020-07-19,71100,58066,40952,283264,73795.0,8182.0,17344,0.3568136932192232,0.6431863067807768,8662,6022,12.0,142652.42063492062,216259.7876984127,358912.20833333326
2020-07-20,90996,72003,40268,309275,66387.0,5071.0,13873,0.3010503016362137,0.6989496983637863,10688,8570,14.0,268413.8015873017,296902.5595238093,565316.361111111
2020-07-28,104475,81541,43394,345115,68037.0,10996.0,12401,0.26899049932757796,0.731009500672422,12024,8714,15.0,279939.6468253969,387255.4920634921,667195.138888889
2020-07-29,114002,87848,45094,373557,68918.0,6475.0,11481,0.24746201099256385,0.7525379890074362,12422,10407,15.0,374956.29166666657,501923.6944444442,876879.9861111108
2020-07-30,111902,86367,44455,361343,68366.0,5844.0,11504,0.2490097188250828,0.7509902811749172,12021,10085,15.0,339413.84523809515,472094.8075396824,811508.6527777775
2020-07-31,108861,85395,44601,348809,68878.0,6880.0,11553,0.24894951192707995,0.7510504880729201,12100,10262,14.0,311995.7003968254,424665.85515873006,736661.5555555555
2020-08-01,86688,70091,40754,285102,72577.0,10545.0,15055,0.3336509906475777,0.6663490093524223,9496,8050,12.0,222826.3948412698,321176.5357142857,544002.9305555555
2020-08-02,73691,59997,38891,251745,72271.0,8482.0,15825,0.34802401530645904,0.6519759846935409,7832,6113,10.0,170772.70039682536,268808.06349206355,439580.76388888893
2020-08-03,99442,79220,43768,317345,71772.0,9890.0,12369,0.2738806961604889,0.7261193038395111,10999,9432,13.0,251764.7876984127,345054.7956349206,596819.5833333333
2020-08-04,117258,92131,48382,377873,73708.0,9728.0,10621,0.2318691874426931,0.7681308125573069,12370,10771,14.0,393571.0476190476,473431.8968253968,867002.9444444444
2020-08-05,118250,93263,49126,380388,74868.0,9299.0,10783,0.2327835585682829,0.7672164414317171,12584,10533,14.0,382730.5376984127,466979.1567460318,849709.6944444445
2020-08-06,110903,88666,47722,360483,74433.0,8860.0,11316,0.24435854801442483,0.7556414519855752,11998,10457,14.0,287613.3789682539,364064.34325396846,651677.7222222221
2020-08-07,111903,88942,47992,358792,74064.0,9426.0,11232,0.2386385365542737,0.7613614634457263,11692,10320,14.0,388569.5932539682,435386.0595238095,823955.6527777779
2020-08-08,86970,70950,43077,291617,76044.0,12126.0,15479,0.3287528672160394,0.6712471327839606,9011,7988,11.0,278370.5198412698,349673.1884920635,628043.7083333333
2020-08-09,68321,56233,39205,242209,74354.0,9435.0,16596,0.35719512720072316,0.6428048727992768,7177,5990,10.0,190764.52976190476,285446.5813492062,476211.111111111
2020-08-10,104756,83487,47272,342035,74920.0,12476.0,12011,0.2603446407282974,0.7396553592717026,10286,10570,13.0,381966.2202380952,417013.9325396824,798980.1527777775
2020-08-11,109072,87835,49036,355019,77038.0,11801.0,11957,0.25678635856026116,0.7432136414397388,11529,10106,13.0,400427.44642857154,440664.1369047617,841091.5833333333
2020-08-12,107689,86905,48096,345732,77416.0,10963.0,12496,0.26635972204459224,0.7336402779554078,11187,9797,13.0,394856.6607142857,423529.51984126976,818386.1805555555
2020-08-13,111509,89345,49884,363175,78071.0,11580.0,11861,0.2526896610494472,0.7473103389505529,11635,10031,13.0,404719.97420634923,451877.45634920633,856597.4305555555
2020-08-14,107585,86005,48291,350000,76335.0,10998.0,12280,0.2575611393095348,0.7424388606904653,11105,9928,13.0,388682.4900793649,435299.20436507935,823981.6944444444
2020-08-15,85477,70167,43708,286620,77747.0,13287.0,16318,0.34408738191632926,0.6559126180836707,8728,8011,11.0,285097.9464285714,367242.5396825397,652340.4861111111
2020-08-16,72727,61229,40881,251837,75643.0,10538.0,16538,0.3516628391596496,0.6483371608403504,8082,6293,10.0,139485.71230158734,262998.4821428571,402484.19444444455
2020-08-17,105179,83805,47696,341472,75762.0,13335.0,12406,0.2652781935594235,0.7347218064405765,10481,10658,13.0,365657.37896825396,416823.8293650793,782481.2083333333
2020-08-18,109202,87953,49167,353678,78110.0,12917.0,12504,0.26510059999575974,0.7348994000042403,11108,10374,13.0,416287.48015873006,464277.755952381,880565.2361111111
2020-08-19,108753,87594,49281,347914,78446.0,11848.0,12846,0.2694663534150025,0.7305336465849974,10896,10143,13.0,413993.62301587296,484064.84920634923,898058.472222222
2020-08-20,111154,89043,50056,363732,78088.0,11354.0,12296,0.2565140294148326,0.7434859705851674,11612,10427,13.0,380051.2837301588,442897.79960317456,822949.0833333333
2020-08-21,104041,84393,47601,335875,76071.0,10480.0,12875,0.2693289264496695,0.7306710735503306,11416,9382,13.0,257357.37698412692,393423.8035714287,650781.1805555556
2020-08-22,88833,73202,44708,297051,77794.0,13289.0,15838,0.3329829282650744,0.6670170717349255,9434,7949,11.0,301548.386904762,357293.25198412687,658841.638888889
2020-08-23,74103,61050,41392,256626,74336.0,9568.0,15713,0.3337794205115133,0.6662205794884867,7937,6278,10.0,223959.94246031746,286686.97420634923,510646.91666666674
2020-08-24,103813,82342,46119,335952,71961.0,10447.0,11620,0.2534074801003162,0.7465925198996838,10666,10284,13.0,369252.5694444444,406639.31944444455,775891.8888888888
2020-08-25,110046,86964,46968,355356,72411.0,9221.0,11333,0.24791634764727757,0.7520836523527225,11498,10417,14.0,382045.75595238095,420943.45238095225,802989.2083333333
2020-08-26,110274,87071,47359,357398,72533.0,8558.0,11021,0.2411755695122218,0.7588244304877783,11700,10177,14.0,372993.32936507935,414523.96230158716,787517.2916666665
2020-08-27,106272,84208,45895,346065,70982.0,7644.0,11308,0.24988398559211544,0.7501160144078846,11404,9786,14.0,351783.06944444444,381176.31944444455,732959.3888888891
2020-08-28,102605,80211,44526,329477,69283.0,7564.0,11280,0.2500387914791745,0.7499612085208255,10361,9393,14.0,365882.0357142858,398469.0892857142,764351.125
2020-08-29,75585,60318,38550,256180,69950.0,8800.0,15299,0.3423973859719798,0.6576026140280202,7369,7569,11.0,271180.9642857143,315963.0496031745,587144.0138888889
2020-08-30,65082,53030,36598,223013,68448.0,7105.0,15362,0.3489301776223141,0.6510698223776858,6730,6067,10.0,194971.92658730157,253420.628968254,448392.5555555556
2020-08-31,92331,73767,40289,298908,64090.0,5751.0,11070,0.2633644993219613,0.7366355006780387,9987,9295,13.0,211706.02976190476,279650.0257936509,491356.0555555556
2020-09-01,95679,75992,41261,312147,64792.0,5613.0,12435,0.2657051282051282,0.7342948717948719,10359,9654,14.0,291803.5178571429,323371.9265873016,615175.4444444445
2020-09-02,102241,81022,42960,329133,66334.0,5888.0,12250,0.2565015285397211,0.7434984714602789,10950,10308,14.0,320252.1448412699,345398.20238095213,665650.347222222
2020-09-03,104212,82626,43628,337439,66915.0,5743.0,12312,0.25539329571855296,0.744606704281447,11042,10350,14.0,345116.126984127,371599.95634920633,716716.0833333333
2020-09-04,105542,83712,44693,336774,69245.0,7756.0,13070,0.26258689275525376,0.7374131072447463,11476,10249,14.0,355251.9841269841,386754.16865079367,742006.1527777779
2020-09-05,83147,68125,41185,277807,74407.0,11145.0,18696,0.36977848101265826,0.6302215189873417,8847,8570,11.0,277290.6170634921,327308.7162698412,604599.3333333333
2020-09-06,62269,51143,36034,216866,71901.0,6991.0,20783,0.4126312863581313,0.5873687136418687,6601,5825,9.0,182796.47222222228,241558.00000000003,424354.47222222225
2020-09-07,92103,72660,39169,293418,65966.0,5316.0,15498,0.3205377456049638,0.6794622543950362,9454,9661,13.0,293274.3769841268,319543.0952380953,612817.472222222
2020-09-08,60907,49830,32502,206956,64915.0,3839.0,18978,0.391654284299158,0.6083457157008421,6659,6280,10.0,126368.78571428571,212726.78373015867,339095.56944444444
2020-09-09,104587,81554,43317,335293,66952.0,5241.0,12636,0.2587382517353646,0.7412617482646354,11251,10149,14.0,376585.60515873024,392210.1448412697,768795.75
2020-09-10,108360,84421,45088,344766,69015.0,6949.0,12630,0.2511084160089071,0.7488915839910929,11705,10706,14.0,394729.0555555556,429991.0,824720.0555555555
2020-09-11,127856,101374,53152,405334,78514.0,14578.0,12445,0.23274298217725495,0.767257017822745,14004,13362,14.0,491134.6329365082,539171.4365079362,1030306.0694444444
2020-09-12,98858,81155,48041,330295,81149.0,11657.0,17582,0.3262208698233635,0.6737791301766365,10917,8645,12.0,365569.2579365079,422536.2142857144,788105.4722222221
2020-09-13,73299,60079,41274,254268,74805.0,6309.0,18476,0.35177639846159703,0.648223601538403,8145,5751,10.0,229590.5337301588,303923.7162698413,533514.2500000001
2020-09-14,104250,80829,42111,325834,64721.0,4025.0,12294,0.2536623612429332,0.7463376387570668,11377,10415,14.0,329455.6011904762,365881.5376984126,695337.1388888889
2020-09-15,103113,80156,41834,320679,64800.0,3755.0,12702,0.2616756968336046,0.7383243031663954,11283,10317,14.0,334101.1349206349,378389.97619047615,712491.1111111111
2020-09-16,76142,63089,38422,247236,64147.0,2614.0,14927,0.3072284197093813,0.6927715802906187,8582,8331,11.0,200257.52777777772,195090.1805555556,395347.70833333326
2020-09-17,123465,92611,48586,453880,67610.0,6162.0,9705,0.19420875690386616,0.8057912430961338,12805,12763,18.0,486834.4226190476,289739.49404761905,776573.9166666667
2020-09-18,121274,92360,49140,441211,69198.0,6310.0,10257,0.19854435647780724,0.8014556435221928,12946,13187,17.0,449097.4543650793,288879.2261904762,737976.6805555555
2020-09-19,97077,74961,46488,373745,75357.0,10209.0,15721,0.29646601795277966,0.7035339820472204,9163,10543,14.0,433259.4603174603,253528.41468253967,686787.875
2020-09-20,77552,60698,44477,320910,73469.0,5963.0,15594,0.29555921987831923,0.7044407801216808,7738,7575,13.0,289034.0575396825,210920.40079365077,499954.45833333326
2020-09-21,112692,84523,45727,416406,66314.0,3841.0,10894,0.21842168578073623,0.7815783142192638,12086,11676,17.0,402870.37301587313,233843.23809523808,636713.6111111111
2020-09-22,117885,87923,46715,435045,66812.0,3831.0,10484,0.20972613975074517,0.7902738602492548,12557,12132,17.0,423368.55357142846,275326.6964285715,698695.2499999999
2020-09-23,121847,91410,47811,446321,67714.0,4175.0,10152,0.2015125349848151,0.7984874650151849,13178,12624,18.0,471196.6765873017,282836.7261904762,754033.402777778
2020-09-24,120799,90365,47992,439485,68912.0,5036.0,10791,0.21143069869508993,0.7885693013049101,12705,12809,17.0,460974.7876984126,284087.39285714284,745062.1805555555
2020-09-25,119247,90900,49508,435691,71212.0,6424.0,11037,0.2092242948134668,0.7907757051865332,12930,13115,17.0,455037.1726190476,284354.88293650805,739392.0555555556
2020-09-26,94880,73308,46142,365484,76092.0,8893.0,16502,0.3070425155828449,0.6929574844171551,8969,10376,14.0,395071.49999999977,280008.68055555556,675080.1805555555
2020-09-27,73476,56971,42985,307508,74246.0,5325.0,16905,0.31748863764414226,0.6825113623558577,7370,7267,12.0,281562.6587301588,215404.73015873015,496967.388888889
2020-09-28,111273,84414,45756,417279,66995.0,3261.0,10991,0.21994316817417753,0.7800568318258225,12036,11859,17.0,416498.8075396826,233001.15079365077,649499.9583333335
2020-09-29,120332,89694,47097,442628,67655.0,3655.0,10345,0.20767254185570322,0.7923274581442967,12489,12494,17.0,448806.4900793651,286340.7043650793,735147.1944444445
2020-09-30,122024,90947,47281,445164,67694.0,3651.0,10018,0.2022408398102352,0.7977591601897648,12866,12653,18.0,477119.18055555545,280717.388888889,757836.5694444445
2020-10-07,120718,89322,47283,456610,67937.0,6130.0,10007,0.20582488327608547,0.7941751167239145,12365,12364,18.0,474528.5595238097,267607.5932539682,742136.152777778
2020-10-08,116271,87958,48462,452610,69773.0,5239.0,10109,0.20430064064994644,0.7956993593500535,12447,12882,17.0,498686.255952381,276282.21626984136,774968.4722222224
2020-10-09,127793,98065,53407,472848,76178.0,10734.0,10517,0.19588377723970946,0.8041162227602905,13572,15289,17.0,537957.640873016,314629.0813492064,852586.7222222224
2020-10-10,109608,88575,55185,415358,88591.0,17338.0,15877,0.2764823683064867,0.7235176316935132,11457,13322,14.0,504822.1408730156,347159.4841269841,851981.6249999999
2020-10-11,98646,79716,54633,394209,90014.0,12728.0,17231,0.29627400746230165,0.7037259925376984,10172,10911,13.0,450477.2837301586,331950.6468253969,782427.9305555555
2020-10-12,125994,97020,56258,482375,79982.0,5180.0,11609,0.20859237431271788,0.7914076256872822,13435,10872,17.0,514026.4464285715,346889.5535714286,860916.0
2020-10-13,111418,84643,47050,433564,68182.0,3404.0,10554,0.2145383583363825,0.7854616416636175,11985,12495,17.0,490961.3432539683,239362.11507936503,730323.4583333333
2020-10-14,99824,77022,44376,373270,66676.0,2555.0,11403,0.2342777309802149,0.7657222690197851,10689,10613,15.0,422601.98214285704,229990.5873015872,652592.569444444
2020-10-15,107280,82201,45322,418989,66434.0,2519.0,10906,0.22423719055843408,0.775762809441566,11666,11797,17.0,407056.1884920634,224146.70039682533,631202.8888888889
2020-10-16,115851,88798,48223,437215,69609.0,5760.0,10600,0.21088651917873627,0.7891134808212638,12451,13127,17.0,466760.4424603175,255179.71031746024,721940.1527777779
2020-10-17,90329,72829,46835,363071,77020.0,10916.0,15298,0.2944867944867945,0.7055132055132055,9241,10500,14.0,394770.4404761904,240564.6428571428,635335.0833333331
2020-10-18,69536,56097,43193,307524,75643.0,6616.0,16372,0.3159519857964414,0.6840480142035585,7526,7020,12.0,294246.7539682539,179615.25992063485,473862.0138888888
2020-10-19,107674,82922,47271,427434,68742.0,4275.0,10505,0.21361612135754518,0.7863838786424548,11937,12046,17.0,463916.4841269842,222819.96031746035,686736.4444444445
2020-10-20,105593,81625,46173,408852,72464.0,3722.0,11731,0.2350713369669766,0.7649286630330234,11352,11868,16.0,449149.44444444455,248620.59722222228,697770.0416666667
2020-10-21,109637,84538,47477,436942,76155.0,3691.0,11810,0.2332194553604929,0.7667805446395071,12010,12403,17.0,488849.0376984126,222842.5178571429,711691.5555555555
2020-10-22,110389,83557,46482,422833,79983.0,3828.0,13068,0.2539694879020503,0.7460305120979497,11846,11892,16.0,407177.2738095239,249198.7261904761,656376.0
2020-10-23,118112,91866,49880,445388,86877.0,6894.0,13249,0.24570220499601284,0.7542977950039872,12779,13417,16.0,504378.5952380953,254747.36309523816,759125.9583333335
2020-10-24,93318,75108,47887,366138,98455.0,11578.0,19389,0.3437034673473729,0.6562965326526271,9484,10775,12.0,445826.8511904763,243998.63492063488,689825.4861111111
2020-10-25,68497,55238,43311,302535,105746.0,7291.0,22387,0.39101198169560203,0.608988018304398,7150,7048,10.0,282681.62103174604,157272.51785714287,439954.13888888893
2020-10-26,101393,77004,44864,399186,109668.0,3922.0,21018,0.3604960293638406,0.6395039706361594,10222,10786,13.0,410004.1964285713,232190.49801587305,642194.6944444444
2020-10-27,105125,79763,45621,411879,113915.0,4247.0,21687,0.3666131349843631,0.6333868650156369,10743,10899,13.0,440402.9603174603,226198.63690476192,666601.5972222221
2020-10-28,107331,81444,46238,419586,119243.0,5328.0,22306,0.3717356886926089,0.6282643113073911,11185,11347,13.0,456802.20634920633,226626.61309523805,683428.8194444443
2020-10-29,108743,82830,47651,425297,125917.0,6674.0,22633,0.3707410562180579,0.629258943781942,11360,11921,12.0,436987.6587301586,236744.06349206352,673731.7222222221
